-- MySQL dump 10.13  Distrib 8.0.45, for macos15 (arm64)
--
-- Host: localhost    Database: sport_db
-- ------------------------------------------------------
-- Server version	8.0.45

/*!40101 SET @OLD_CHARACTER_SET_CLIENT=@@CHARACTER_SET_CLIENT */;
/*!40101 SET @OLD_CHARACTER_SET_RESULTS=@@CHARACTER_SET_RESULTS */;
/*!40101 SET @OLD_COLLATION_CONNECTION=@@COLLATION_CONNECTION */;
/*!50503 SET NAMES utf8 */;
/*!40103 SET @OLD_TIME_ZONE=@@TIME_ZONE */;
/*!40103 SET TIME_ZONE='+00:00' */;
/*!40014 SET @OLD_UNIQUE_CHECKS=@@UNIQUE_CHECKS, UNIQUE_CHECKS=0 */;
/*!40014 SET @OLD_FOREIGN_KEY_CHECKS=@@FOREIGN_KEY_CHECKS, FOREIGN_KEY_CHECKS=0 */;
/*!40101 SET @OLD_SQL_MODE=@@SQL_MODE, SQL_MODE='NO_AUTO_VALUE_ON_ZERO' */;
/*!40111 SET @OLD_SQL_NOTES=@@SQL_NOTES, SQL_NOTES=0 */;

CREATE DATABASE  IF NOT EXISTS `sport_db` /*!40100 DEFAULT CHARACTER SET utf8mb4 COLLATE utf8mb4_0900_ai_ci */ /*!80016 DEFAULT ENCRYPTION='N' */;
USE `sport_db`;

--
-- Table structure for table `bookings`
--

DROP TABLE IF EXISTS `bookings`;
/*!40101 SET @saved_cs_client     = @@character_set_client */;
/*!50503 SET character_set_client = utf8mb4 */;
CREATE TABLE `bookings` (
  `id` bigint NOT NULL AUTO_INCREMENT,
  `booking_date` date NOT NULL,
  `created_at` datetime(6) DEFAULT NULL,
  `end_time` time(6) NOT NULL,
  `note` varchar(255) COLLATE utf8mb4_unicode_ci DEFAULT NULL,
  `start_time` time(6) NOT NULL,
  `status` enum('PENDING','CONFIRMED','COMPLETED','CANCELLED') COLLATE utf8mb4_unicode_ci DEFAULT NULL,
  `total_price` double DEFAULT NULL,
  `court_id` bigint NOT NULL,
  `user_id` bigint NOT NULL,
  PRIMARY KEY (`id`),
  KEY `FKrc2ar1jl63nymaipwibvab7q0` (`court_id`),
  KEY `FKeyog2oic85xg7hsu2je2lx3s6` (`user_id`),
  CONSTRAINT `FKeyog2oic85xg7hsu2je2lx3s6` FOREIGN KEY (`user_id`) REFERENCES `users` (`id`),
  CONSTRAINT `FKrc2ar1jl63nymaipwibvab7q0` FOREIGN KEY (`court_id`) REFERENCES `courts` (`id`)
) ENGINE=InnoDB AUTO_INCREMENT=5 DEFAULT CHARSET=utf8mb4 COLLATE=utf8mb4_unicode_ci;
/*!40101 SET character_set_client = @saved_cs_client */;

--
-- Dumping data for table `bookings`
--

LOCK TABLES `bookings` WRITE;
/*!40000 ALTER TABLE `bookings` DISABLE KEYS */;
INSERT INTO `bookings` VALUES (1,'2026-04-12','2026-04-12 09:11:30.650869','08:00:00.000000',NULL,'07:30:00.000000','CANCELLED',500000,10,4),(2,'2026-04-12','2026-04-12 09:11:30.650777','09:00:00.000000',NULL,'08:30:00.000000','CONFIRMED',500000,10,4),(3,'2026-04-12','2026-04-12 09:11:30.650777','07:30:00.000000',NULL,'07:00:00.000000','CANCELLED',500000,10,4),(4,'2026-04-12','2026-04-12 09:11:30.650793','08:30:00.000000',NULL,'08:00:00.000000','CONFIRMED',500000,10,4);
/*!40000 ALTER TABLE `bookings` ENABLE KEYS */;
UNLOCK TABLES;

--
-- Table structure for table `courts`
--

DROP TABLE IF EXISTS `courts`;
/*!40101 SET @saved_cs_client     = @@character_set_client */;
/*!50503 SET character_set_client = utf8mb4 */;
CREATE TABLE `courts` (
  `id` bigint NOT NULL AUTO_INCREMENT,
  `active` bit(1) NOT NULL,
  `name` varchar(255) COLLATE utf8mb4_unicode_ci NOT NULL,
  `venue_id` bigint NOT NULL,
  PRIMARY KEY (`id`),
  KEY `FKc588eogjvkwv2gfs9ulycwbk1` (`venue_id`),
  CONSTRAINT `FKc588eogjvkwv2gfs9ulycwbk1` FOREIGN KEY (`venue_id`) REFERENCES `venues` (`id`)
) ENGINE=InnoDB AUTO_INCREMENT=12 DEFAULT CHARSET=utf8mb4 COLLATE=utf8mb4_unicode_ci;
/*!40101 SET character_set_client = @saved_cs_client */;

--
-- Dumping data for table `courts`
--

LOCK TABLES `courts` WRITE;
/*!40000 ALTER TABLE `courts` DISABLE KEYS */;
INSERT INTO `courts` VALUES (1,_binary '','Sân 1',1),(2,_binary '','Sân 2',1),(3,_binary '','Sân 3',1),(4,_binary '','Sân 4',1),(5,_binary '','Sân 1',2),(6,_binary '','Sân 2',2),(7,_binary '','Sân 3',2),(8,_binary '','Sân 1',3),(9,_binary '','Sân 2',3),(10,_binary '','Sân A',4),(11,_binary '','Sân B',4);
/*!40000 ALTER TABLE `courts` ENABLE KEYS */;
UNLOCK TABLES;

--
-- Table structure for table `reviews`
--

DROP TABLE IF EXISTS `reviews`;
/*!40101 SET @saved_cs_client     = @@character_set_client */;
/*!50503 SET character_set_client = utf8mb4 */;
CREATE TABLE `reviews` (
  `id` bigint NOT NULL AUTO_INCREMENT,
  `comment` varchar(1000) COLLATE utf8mb4_unicode_ci DEFAULT NULL,
  `created_at` datetime(6) DEFAULT NULL,
  `rating` int DEFAULT NULL,
  `user_id` bigint NOT NULL,
  `venue_id` bigint NOT NULL,
  PRIMARY KEY (`id`),
  KEY `FKcgy7qjc1r99dp117y9en6lxye` (`user_id`),
  KEY `FKj3q0yctu4l1j9m0vj1ddj9y3s` (`venue_id`),
  CONSTRAINT `FKcgy7qjc1r99dp117y9en6lxye` FOREIGN KEY (`user_id`) REFERENCES `users` (`id`),
  CONSTRAINT `FKj3q0yctu4l1j9m0vj1ddj9y3s` FOREIGN KEY (`venue_id`) REFERENCES `venues` (`id`)
) ENGINE=InnoDB AUTO_INCREMENT=2 DEFAULT CHARSET=utf8mb4 COLLATE=utf8mb4_unicode_ci;
/*!40101 SET character_set_client = @saved_cs_client */;

--
-- Dumping data for table `reviews`
--

LOCK TABLES `reviews` WRITE;
/*!40000 ALTER TABLE `reviews` DISABLE KEYS */;
INSERT INTO `reviews` VALUES (1,'Chat luong san kha kem','2026-04-12 18:55:23.186558',2,4,1);
/*!40000 ALTER TABLE `reviews` ENABLE KEYS */;
UNLOCK TABLES;

--
-- Table structure for table `sport_categories`
--

DROP TABLE IF EXISTS `sport_categories`;
/*!40101 SET @saved_cs_client     = @@character_set_client */;
/*!50503 SET character_set_client = utf8mb4 */;
CREATE TABLE `sport_categories` (
  `id` bigint NOT NULL AUTO_INCREMENT,
  `active` bit(1) NOT NULL,
  `icon_url` varchar(255) COLLATE utf8mb4_unicode_ci DEFAULT NULL,
  `name` varchar(255) COLLATE utf8mb4_unicode_ci NOT NULL,
  PRIMARY KEY (`id`),
  UNIQUE KEY `UK_ng1opy6ci38r3asqhojfw5lgf` (`name`)
) ENGINE=InnoDB AUTO_INCREMENT=7 DEFAULT CHARSET=utf8mb4 COLLATE=utf8mb4_unicode_ci;
/*!40101 SET character_set_client = @saved_cs_client */;

--
-- Dumping data for table `sport_categories`
--

LOCK TABLES `sport_categories` WRITE;
/*!40000 ALTER TABLE `sport_categories` DISABLE KEYS */;
INSERT INTO `sport_categories` VALUES (1,_binary '','https://img.icons8.com/color/96/ping-pong.png','Pickleball'),(2,_binary '','https://img.icons8.com/color/96/badminton.png','Cầu lông'),(3,_binary '','https://img.icons8.com/color/96/football.png','Bóng đá'),(4,_binary '','https://img.icons8.com/color/96/tennis.png','Tennis'),(5,_binary '','https://img.icons8.com/color/96/volleyball.png','Bóng chuyền'),(6,_binary '','https://img.icons8.com/color/96/basketball.png','Bóng rổ');
/*!40000 ALTER TABLE `sport_categories` ENABLE KEYS */;
UNLOCK TABLES;

--
-- Table structure for table `time_slots`
--

DROP TABLE IF EXISTS `time_slots`;
/*!40101 SET @saved_cs_client     = @@character_set_client */;
/*!50503 SET character_set_client = utf8mb4 */;
CREATE TABLE `time_slots` (
  `id` bigint NOT NULL AUTO_INCREMENT,
  `date` date NOT NULL,
  `end_time` time(6) NOT NULL,
  `start_time` time(6) NOT NULL,
  `status` enum('AVAILABLE','PENDING','BOOKED','LOCKED','EVENT') COLLATE utf8mb4_unicode_ci DEFAULT NULL,
  `booking_id` bigint DEFAULT NULL,
  `court_id` bigint NOT NULL,
  PRIMARY KEY (`id`),
  KEY `FKh1sra14dvfa3ncl6frti4cdq1` (`booking_id`),
  KEY `FKo5mxrgkshctd8xcd9r946ldkc` (`court_id`),
  CONSTRAINT `FKh1sra14dvfa3ncl6frti4cdq1` FOREIGN KEY (`booking_id`) REFERENCES `bookings` (`id`),
  CONSTRAINT `FKo5mxrgkshctd8xcd9r946ldkc` FOREIGN KEY (`court_id`) REFERENCES `courts` (`id`)
) ENGINE=InnoDB AUTO_INCREMENT=145 DEFAULT CHARSET=utf8mb4 COLLATE=utf8mb4_unicode_ci;
/*!40101 SET character_set_client = @saved_cs_client */;

--
-- Dumping data for table `time_slots`
--

LOCK TABLES `time_slots` WRITE;
/*!40000 ALTER TABLE `time_slots` DISABLE KEYS */;
INSERT INTO `time_slots` VALUES (1,'2026-04-12','05:30:00.000000','05:00:00.000000','AVAILABLE',NULL,1),(2,'2026-04-12','06:00:00.000000','05:30:00.000000','AVAILABLE',NULL,1),(3,'2026-04-12','06:30:00.000000','06:00:00.000000','AVAILABLE',NULL,1),(4,'2026-04-12','07:00:00.000000','06:30:00.000000','AVAILABLE',NULL,1),(5,'2026-04-12','07:30:00.000000','07:00:00.000000','AVAILABLE',NULL,1),(6,'2026-04-12','08:00:00.000000','07:30:00.000000','AVAILABLE',NULL,1),(7,'2026-04-12','08:30:00.000000','08:00:00.000000','AVAILABLE',NULL,1),(8,'2026-04-12','09:00:00.000000','08:30:00.000000','AVAILABLE',NULL,1),(9,'2026-04-12','09:30:00.000000','09:00:00.000000','AVAILABLE',NULL,1),(10,'2026-04-12','10:00:00.000000','09:30:00.000000','AVAILABLE',NULL,1),(11,'2026-04-12','10:30:00.000000','10:00:00.000000','AVAILABLE',NULL,1),(12,'2026-04-12','11:00:00.000000','10:30:00.000000','AVAILABLE',NULL,1),(13,'2026-04-12','11:30:00.000000','11:00:00.000000','AVAILABLE',NULL,1),(14,'2026-04-12','12:00:00.000000','11:30:00.000000','AVAILABLE',NULL,1),(15,'2026-04-12','12:30:00.000000','12:00:00.000000','AVAILABLE',NULL,1),(16,'2026-04-12','13:00:00.000000','12:30:00.000000','AVAILABLE',NULL,1),(17,'2026-04-12','13:30:00.000000','13:00:00.000000','AVAILABLE',NULL,1),(18,'2026-04-12','14:00:00.000000','13:30:00.000000','AVAILABLE',NULL,1),(19,'2026-04-12','14:30:00.000000','14:00:00.000000','AVAILABLE',NULL,1),(20,'2026-04-12','15:00:00.000000','14:30:00.000000','AVAILABLE',NULL,1),(21,'2026-04-12','15:30:00.000000','15:00:00.000000','AVAILABLE',NULL,1),(22,'2026-04-12','16:00:00.000000','15:30:00.000000','AVAILABLE',NULL,1),(23,'2026-04-12','16:30:00.000000','16:00:00.000000','AVAILABLE',NULL,1),(24,'2026-04-12','17:00:00.000000','16:30:00.000000','AVAILABLE',NULL,1),(25,'2026-04-12','17:30:00.000000','17:00:00.000000','AVAILABLE',NULL,1),(26,'2026-04-12','18:00:00.000000','17:30:00.000000','AVAILABLE',NULL,1),(27,'2026-04-12','18:30:00.000000','18:00:00.000000','AVAILABLE',NULL,1),(28,'2026-04-12','19:00:00.000000','18:30:00.000000','AVAILABLE',NULL,1),(29,'2026-04-12','19:30:00.000000','19:00:00.000000','AVAILABLE',NULL,1),(30,'2026-04-12','20:00:00.000000','19:30:00.000000','AVAILABLE',NULL,1),(31,'2026-04-12','20:30:00.000000','20:00:00.000000','AVAILABLE',NULL,1),(32,'2026-04-12','21:00:00.000000','20:30:00.000000','AVAILABLE',NULL,1),(33,'2026-04-12','21:30:00.000000','21:00:00.000000','AVAILABLE',NULL,1),(34,'2026-04-12','22:00:00.000000','21:30:00.000000','AVAILABLE',NULL,1),(35,'2026-04-12','22:30:00.000000','22:00:00.000000','AVAILABLE',NULL,1),(36,'2026-04-12','23:00:00.000000','22:30:00.000000','AVAILABLE',NULL,1),(37,'2026-04-12','05:30:00.000000','05:00:00.000000','AVAILABLE',NULL,2),(38,'2026-04-12','06:00:00.000000','05:30:00.000000','AVAILABLE',NULL,2),(39,'2026-04-12','06:30:00.000000','06:00:00.000000','AVAILABLE',NULL,2),(40,'2026-04-12','07:00:00.000000','06:30:00.000000','AVAILABLE',NULL,2),(41,'2026-04-12','07:30:00.000000','07:00:00.000000','AVAILABLE',NULL,2),(42,'2026-04-12','08:00:00.000000','07:30:00.000000','AVAILABLE',NULL,2),(43,'2026-04-12','08:30:00.000000','08:00:00.000000','AVAILABLE',NULL,2),(44,'2026-04-12','09:00:00.000000','08:30:00.000000','AVAILABLE',NULL,2),(45,'2026-04-12','09:30:00.000000','09:00:00.000000','AVAILABLE',NULL,2),(46,'2026-04-12','10:00:00.000000','09:30:00.000000','AVAILABLE',NULL,2),(47,'2026-04-12','10:30:00.000000','10:00:00.000000','AVAILABLE',NULL,2),(48,'2026-04-12','11:00:00.000000','10:30:00.000000','AVAILABLE',NULL,2),(49,'2026-04-12','11:30:00.000000','11:00:00.000000','AVAILABLE',NULL,2),(50,'2026-04-12','12:00:00.000000','11:30:00.000000','AVAILABLE',NULL,2),(51,'2026-04-12','12:30:00.000000','12:00:00.000000','AVAILABLE',NULL,2),(52,'2026-04-12','13:00:00.000000','12:30:00.000000','AVAILABLE',NULL,2),(53,'2026-04-12','13:30:00.000000','13:00:00.000000','AVAILABLE',NULL,2),(54,'2026-04-12','14:00:00.000000','13:30:00.000000','AVAILABLE',NULL,2),(55,'2026-04-12','14:30:00.000000','14:00:00.000000','AVAILABLE',NULL,2),(56,'2026-04-12','15:00:00.000000','14:30:00.000000','AVAILABLE',NULL,2),(57,'2026-04-12','15:30:00.000000','15:00:00.000000','AVAILABLE',NULL,2),(58,'2026-04-12','16:00:00.000000','15:30:00.000000','AVAILABLE',NULL,2),(59,'2026-04-12','16:30:00.000000','16:00:00.000000','AVAILABLE',NULL,2),(60,'2026-04-12','17:00:00.000000','16:30:00.000000','AVAILABLE',NULL,2),(61,'2026-04-12','17:30:00.000000','17:00:00.000000','BOOKED',NULL,2),(62,'2026-04-12','18:00:00.000000','17:30:00.000000','BOOKED',NULL,2),(63,'2026-04-12','18:30:00.000000','18:00:00.000000','BOOKED',NULL,2),(64,'2026-04-12','19:00:00.000000','18:30:00.000000','BOOKED',NULL,2),(65,'2026-04-12','19:30:00.000000','19:00:00.000000','BOOKED',NULL,2),(66,'2026-04-12','20:00:00.000000','19:30:00.000000','BOOKED',NULL,2),(67,'2026-04-12','20:30:00.000000','20:00:00.000000','AVAILABLE',NULL,2),(68,'2026-04-12','21:00:00.000000','20:30:00.000000','AVAILABLE',NULL,2),(69,'2026-04-12','21:30:00.000000','21:00:00.000000','AVAILABLE',NULL,2),(70,'2026-04-12','22:00:00.000000','21:30:00.000000','AVAILABLE',NULL,2),(71,'2026-04-12','22:30:00.000000','22:00:00.000000','AVAILABLE',NULL,2),(72,'2026-04-12','23:00:00.000000','22:30:00.000000','AVAILABLE',NULL,2),(73,'2026-04-12','05:30:00.000000','05:00:00.000000','AVAILABLE',NULL,3),(74,'2026-04-12','06:00:00.000000','05:30:00.000000','AVAILABLE',NULL,3),(75,'2026-04-12','06:30:00.000000','06:00:00.000000','AVAILABLE',NULL,3),(76,'2026-04-12','07:00:00.000000','06:30:00.000000','AVAILABLE',NULL,3),(77,'2026-04-12','07:30:00.000000','07:00:00.000000','AVAILABLE',NULL,3),(78,'2026-04-12','08:00:00.000000','07:30:00.000000','AVAILABLE',NULL,3),(79,'2026-04-12','08:30:00.000000','08:00:00.000000','AVAILABLE',NULL,3),(80,'2026-04-12','09:00:00.000000','08:30:00.000000','AVAILABLE',NULL,3),(81,'2026-04-12','09:30:00.000000','09:00:00.000000','AVAILABLE',NULL,3),(82,'2026-04-12','10:00:00.000000','09:30:00.000000','AVAILABLE',NULL,3),(83,'2026-04-12','10:30:00.000000','10:00:00.000000','AVAILABLE',NULL,3),(84,'2026-04-12','11:00:00.000000','10:30:00.000000','AVAILABLE',NULL,3),(85,'2026-04-12','11:30:00.000000','11:00:00.000000','AVAILABLE',NULL,3),(86,'2026-04-12','12:00:00.000000','11:30:00.000000','AVAILABLE',NULL,3),(87,'2026-04-12','12:30:00.000000','12:00:00.000000','AVAILABLE',NULL,3),(88,'2026-04-12','13:00:00.000000','12:30:00.000000','AVAILABLE',NULL,3),(89,'2026-04-12','13:30:00.000000','13:00:00.000000','AVAILABLE',NULL,3),(90,'2026-04-12','14:00:00.000000','13:30:00.000000','AVAILABLE',NULL,3),(91,'2026-04-12','14:30:00.000000','14:00:00.000000','AVAILABLE',NULL,3),(92,'2026-04-12','15:00:00.000000','14:30:00.000000','AVAILABLE',NULL,3),(93,'2026-04-12','15:30:00.000000','15:00:00.000000','AVAILABLE',NULL,3),(94,'2026-04-12','16:00:00.000000','15:30:00.000000','AVAILABLE',NULL,3),(95,'2026-04-12','16:30:00.000000','16:00:00.000000','AVAILABLE',NULL,3),(96,'2026-04-12','17:00:00.000000','16:30:00.000000','AVAILABLE',NULL,3),(97,'2026-04-12','17:30:00.000000','17:00:00.000000','AVAILABLE',NULL,3),(98,'2026-04-12','18:00:00.000000','17:30:00.000000','AVAILABLE',NULL,3),(99,'2026-04-12','18:30:00.000000','18:00:00.000000','BOOKED',NULL,3),(100,'2026-04-12','19:00:00.000000','18:30:00.000000','BOOKED',NULL,3),(101,'2026-04-12','19:30:00.000000','19:00:00.000000','BOOKED',NULL,3),(102,'2026-04-12','20:00:00.000000','19:30:00.000000','BOOKED',NULL,3),(103,'2026-04-12','20:30:00.000000','20:00:00.000000','BOOKED',NULL,3),(104,'2026-04-12','21:00:00.000000','20:30:00.000000','BOOKED',NULL,3),(105,'2026-04-12','21:30:00.000000','21:00:00.000000','AVAILABLE',NULL,3),(106,'2026-04-12','22:00:00.000000','21:30:00.000000','AVAILABLE',NULL,3),(107,'2026-04-12','22:30:00.000000','22:00:00.000000','AVAILABLE',NULL,3),(108,'2026-04-12','23:00:00.000000','22:30:00.000000','AVAILABLE',NULL,3),(109,'2026-04-12','05:30:00.000000','05:00:00.000000','AVAILABLE',NULL,4),(110,'2026-04-12','06:00:00.000000','05:30:00.000000','AVAILABLE',NULL,4),(111,'2026-04-12','06:30:00.000000','06:00:00.000000','AVAILABLE',NULL,4),(112,'2026-04-12','07:00:00.000000','06:30:00.000000','AVAILABLE',NULL,4),(113,'2026-04-12','07:30:00.000000','07:00:00.000000','AVAILABLE',NULL,4),(114,'2026-04-12','08:00:00.000000','07:30:00.000000','AVAILABLE',NULL,4),(115,'2026-04-12','08:30:00.000000','08:00:00.000000','AVAILABLE',NULL,4),(116,'2026-04-12','09:00:00.000000','08:30:00.000000','AVAILABLE',NULL,4),(117,'2026-04-12','09:30:00.000000','09:00:00.000000','AVAILABLE',NULL,4),(118,'2026-04-12','10:00:00.000000','09:30:00.000000','AVAILABLE',NULL,4),(119,'2026-04-12','10:30:00.000000','10:00:00.000000','AVAILABLE',NULL,4),(120,'2026-04-12','11:00:00.000000','10:30:00.000000','AVAILABLE',NULL,4),(121,'2026-04-12','11:30:00.000000','11:00:00.000000','AVAILABLE',NULL,4),(122,'2026-04-12','12:00:00.000000','11:30:00.000000','AVAILABLE',NULL,4),(123,'2026-04-12','12:30:00.000000','12:00:00.000000','AVAILABLE',NULL,4),(124,'2026-04-12','13:00:00.000000','12:30:00.000000','AVAILABLE',NULL,4),(125,'2026-04-12','13:30:00.000000','13:00:00.000000','AVAILABLE',NULL,4),(126,'2026-04-12','14:00:00.000000','13:30:00.000000','AVAILABLE',NULL,4),(127,'2026-04-12','14:30:00.000000','14:00:00.000000','AVAILABLE',NULL,4),(128,'2026-04-12','15:00:00.000000','14:30:00.000000','AVAILABLE',NULL,4),(129,'2026-04-12','15:30:00.000000','15:00:00.000000','AVAILABLE',NULL,4),(130,'2026-04-12','16:00:00.000000','15:30:00.000000','AVAILABLE',NULL,4),(131,'2026-04-12','16:30:00.000000','16:00:00.000000','AVAILABLE',NULL,4),(132,'2026-04-12','17:00:00.000000','16:30:00.000000','AVAILABLE',NULL,4),(133,'2026-04-12','17:30:00.000000','17:00:00.000000','AVAILABLE',NULL,4),(134,'2026-04-12','18:00:00.000000','17:30:00.000000','AVAILABLE',NULL,4),(135,'2026-04-12','18:30:00.000000','18:00:00.000000','AVAILABLE',NULL,4),(136,'2026-04-12','19:00:00.000000','18:30:00.000000','AVAILABLE',NULL,4),(137,'2026-04-12','19:30:00.000000','19:00:00.000000','AVAILABLE',NULL,4),(138,'2026-04-12','20:00:00.000000','19:30:00.000000','AVAILABLE',NULL,4),(139,'2026-04-12','20:30:00.000000','20:00:00.000000','LOCKED',NULL,4),(140,'2026-04-12','21:00:00.000000','20:30:00.000000','LOCKED',NULL,4),(141,'2026-04-12','21:30:00.000000','21:00:00.000000','LOCKED',NULL,4),(142,'2026-04-12','22:00:00.000000','21:30:00.000000','LOCKED',NULL,4),(143,'2026-04-12','22:30:00.000000','22:00:00.000000','LOCKED',NULL,4),(144,'2026-04-12','23:00:00.000000','22:30:00.000000','LOCKED',NULL,4);
/*!40000 ALTER TABLE `time_slots` ENABLE KEYS */;
UNLOCK TABLES;

--
-- Table structure for table `users`
--

DROP TABLE IF EXISTS `users`;
/*!40101 SET @saved_cs_client     = @@character_set_client */;
/*!50503 SET character_set_client = utf8mb4 */;
CREATE TABLE `users` (
  `id` bigint NOT NULL AUTO_INCREMENT,
  `avatar_url` varchar(255) COLLATE utf8mb4_unicode_ci DEFAULT NULL,
  `created_at` datetime(6) DEFAULT NULL,
  `email` varchar(255) COLLATE utf8mb4_unicode_ci NOT NULL,
  `full_name` varchar(255) COLLATE utf8mb4_unicode_ci NOT NULL,
  `password` varchar(255) COLLATE utf8mb4_unicode_ci NOT NULL,
  `phone` varchar(255) COLLATE utf8mb4_unicode_ci DEFAULT NULL,
  `role` enum('USER','OWNER','ADMIN') COLLATE utf8mb4_unicode_ci NOT NULL,
  PRIMARY KEY (`id`),
  UNIQUE KEY `UK_6dotkott2kjsp8vw4d0m25fb7` (`email`)
) ENGINE=InnoDB AUTO_INCREMENT=5 DEFAULT CHARSET=utf8mb4 COLLATE=utf8mb4_unicode_ci;
/*!40101 SET character_set_client = @saved_cs_client */;

--
-- Dumping data for table `users`
--

LOCK TABLES `users` WRITE;
/*!40000 ALTER TABLE `users` DISABLE KEYS */;
INSERT INTO `users` VALUES (1,NULL,'2026-04-12 09:09:20.084759','hoan@test.com','Nguyễn Công Hoàn','$2a$10$EidyTSfyCA/WOgh2n4BXmOk9ElmZO5J6bSYqb6qQhhU07.7QSWHnm','0912345678','USER'),(2,NULL,'2026-04-12 09:09:20.180270','owner@test.com','Chủ sân Demo','$2a$10$qdrKvZaNOwz2jdxhi7aAtO9YC2DOsZT41AXNXGlOP1h3m.Doh2fei','0987654321','OWNER'),(3,NULL,'2026-04-12 09:09:20.248318','admin@test.com','Admin System','$2a$10$XWXx.6dYfwhFL.s/jZ59/uoLeJyG4NU2/1OMEaxxTZQ1fPwfyeydq','0900000000','ADMIN'),(4,NULL,'2026-04-12 09:10:01.478024','nchoan142@gmail.com','Nguyen Cong Hoan','$2a$10$vB3SPGcZ3Mtm0GO5hBME1u2rHOYgMk5AOorpFO5S05.BrgvKTLJ3.','0964931111','USER');
/*!40000 ALTER TABLE `users` ENABLE KEYS */;
UNLOCK TABLES;

--
-- Table structure for table `venues`
--

DROP TABLE IF EXISTS `venues`;
/*!40101 SET @saved_cs_client     = @@character_set_client */;
/*!50503 SET character_set_client = utf8mb4 */;
CREATE TABLE `venues` (
  `id` bigint NOT NULL AUTO_INCREMENT,
  `active` bit(1) NOT NULL,
  `address` varchar(500) COLLATE utf8mb4_unicode_ci DEFAULT NULL,
  `close_time` time(6) DEFAULT NULL,
  `image_url` varchar(255) COLLATE utf8mb4_unicode_ci DEFAULT NULL,
  `name` varchar(255) COLLATE utf8mb4_unicode_ci NOT NULL,
  `open_time` time(6) DEFAULT NULL,
  `phone` varchar(255) COLLATE utf8mb4_unicode_ci DEFAULT NULL,
  `price_per_slot` double DEFAULT NULL,
  `rating` double DEFAULT NULL,
  `rating_count` int DEFAULT NULL,
  `category_id` bigint DEFAULT NULL,
  `owner_id` bigint DEFAULT NULL,
  PRIMARY KEY (`id`),
  KEY `FKka0ka9dkc163o98sr14gy069u` (`category_id`),
  KEY `FKq22to1hxop8unjpmeawieega6` (`owner_id`),
  CONSTRAINT `FKka0ka9dkc163o98sr14gy069u` FOREIGN KEY (`category_id`) REFERENCES `sport_categories` (`id`),
  CONSTRAINT `FKq22to1hxop8unjpmeawieega6` FOREIGN KEY (`owner_id`) REFERENCES `users` (`id`)
) ENGINE=InnoDB AUTO_INCREMENT=5 DEFAULT CHARSET=utf8mb4 COLLATE=utf8mb4_unicode_ci;
/*!40101 SET character_set_client = @saved_cs_client */;

--
-- Dumping data for table `venues`
--

LOCK TABLES `venues` WRITE;
/*!40000 ALTER TABLE `venues` DISABLE KEYS */;
INSERT INTO `venues` VALUES (1,_binary '','Tầng T, Toà HH4 FLC Garden City, xã...','23:00:00.000000','https://images.unsplash.com/photo-1554068865-24cecd4e34b8?w=800','Pickleball FLC','05:00:00.000000','0901234567',150000,2,1,1,2),(2,_binary '','Khu Đô Thị Chức Năng Đại Mỗ, P. Đại...','23:00:00.000000','https://images.unsplash.com/photo-1622279457486-62dcc4a431d6?w=800','Pickleball B32','04:30:00.000000','0909876543',120000,5,28,1,2),(3,_binary '','12 Nguyễn Công Hoan, Ba Đình, Hà Nội','22:00:00.000000','https://images.unsplash.com/photo-1626224583764-f87db24ac4ea?w=800','Sân cầu lông Thành Công','06:00:00.000000','0911223344',100000,4.8,56,2,2),(4,_binary '','Khu Liên hợp Thể thao Mỹ Đình','22:00:00.000000','https://images.unsplash.com/photo-1575361204480-aadea25e6e68?w=800','Sân bóng đá mini Mỹ Đình','07:00:00.000000','0922334455',500000,4.5,120,3,2);
/*!40000 ALTER TABLE `venues` ENABLE KEYS */;
UNLOCK TABLES;

--
-- Dumping events for database 'sport_db'
--

--
-- Dumping routines for database 'sport_db'
--
/*!40103 SET TIME_ZONE=@OLD_TIME_ZONE */;

/*!40101 SET SQL_MODE=@OLD_SQL_MODE */;
/*!40014 SET FOREIGN_KEY_CHECKS=@OLD_FOREIGN_KEY_CHECKS */;
/*!40014 SET UNIQUE_CHECKS=@OLD_UNIQUE_CHECKS */;
/*!40101 SET CHARACTER_SET_CLIENT=@OLD_CHARACTER_SET_CLIENT */;
/*!40101 SET CHARACTER_SET_RESULTS=@OLD_CHARACTER_SET_RESULTS */;
/*!40101 SET COLLATION_CONNECTION=@OLD_COLLATION_CONNECTION */;
/*!40111 SET SQL_NOTES=@OLD_SQL_NOTES */;

-- Dump completed on 2026-04-18  7:36:39
